<?xml version="1.0" encoding="UTF-8"?>
<!DOCTYPE hibernate-mapping PUBLIC "-//Hibernate/Hibernate Mapping DTD 3.0//EN" "http://www.hibernate.org/dtd/hibernate-mapping-3.0.dtd">
<!-- Generated 21-nov-2022 16:57:54 by Hibernate Tools 4.3.1 -->
<hibernate-mapping>
  <class catalog="sakila" name="com.mycompany.ad04_orm.persistencia.FilmCategory" optimistic-lock="version" table="film_category">
    <composite-id class="com.mycompany.ad04_orm.persistencia.FilmCategoryId" name="id">
      <key-property name="filmId" type="short">
        <column name="film_id"/>
      </key-property>
      <key-property name="categoryId" type="byte">
        <column name="category_id"/>
      </key-property>
    </composite-id>
    <many-to-one class="com.mycompany.ad04_orm.persistencia.Category" fetch="select" insert="false" name="category" update="false">
      <column name="category_id" not-null="true"/>
    </many-to-one>
    <many-to-one class="com.mycompany.ad04_orm.persistencia.Film" fetch="select" insert="false" name="film" update="false">
      <column name="film_id" not-null="true"/>
    </many-to-one>
    <property name="lastUpdate" type="timestamp">
      <column length="19" name="last_update" not-null="true"/>
    </property>
  </class>
</hibernate-mapping>
