<?xml version="1.0" encoding="UTF-8"?>
<!DOCTYPE hibernate-mapping PUBLIC "-//Hibernate/Hibernate Mapping DTD 3.0//EN" "http://www.hibernate.org/dtd/hibernate-mapping-3.0.dtd">
<!-- Generated 21-nov-2022 16:57:54 by Hibernate Tools 4.3.1 -->
<hibernate-mapping>
  <class catalog="sakila" name="com.mycompany.ad04_orm.persistencia.Film" optimistic-lock="version" table="film">
    <id name="filmId" type="java.lang.Short">
      <column name="film_id"/>
      <generator class="identity"/>
    </id>
    <many-to-one class="com.mycompany.ad04_orm.persistencia.Language" fetch="select" name="languageByLanguageId">
      <column name="language_id" not-null="true"/>
    </many-to-one>
    <many-to-one class="com.mycompany.ad04_orm.persistencia.Language" fetch="select" name="languageByOriginalLanguageId">
      <column name="original_language_id"/>
    </many-to-one>
    <property name="title" type="string">
      <column name="title" not-null="true"/>
    </property>
    <property name="description" type="string">
      <column length="65535" name="description"/>
    </property>
    <property name="releaseYear" type="java.lang.Short">
      <column name="release_year"/>
    </property>
    <property name="rentalDuration" type="byte">
      <column name="rental_duration" />
    </property>
    <property name="rentalRate" type="big_decimal">
      <column name="rental_rate" precision="4"/>
    </property>
    <property name="length" type="java.lang.Short">
      <column name="length"/>
    </property>
    <property name="replacementCost" type="big_decimal">
      <column name="replacement_cost" precision="5"/>
    </property>
    <property name="rating" type="string">
      <column length="5" name="rating"/>
    </property>
    <property name="specialFeatures" type="string">
      <column length="54" name="special_features"/>
    </property>
    <property name="lastUpdate" type="timestamp">
      <column length="19" name="last_update" />
    </property>
    <set fetch="select" inverse="true" lazy="true" name="filmCategories" table="film_category">
      <key>
        <column name="film_id" not-null="true"/>
      </key>
      <one-to-many class="com.mycompany.ad04_orm.persistencia.FilmCategory"/>
    </set>
  </class>
</hibernate-mapping>
