<?xml version="1.0" encoding="UTF-8"?>
<!DOCTYPE hibernate-mapping PUBLIC "-//Hibernate/Hibernate Mapping DTD 3.0//EN" "http://www.hibernate.org/dtd/hibernate-mapping-3.0.dtd">
<!-- Generated 21-nov-2022 16:57:54 by Hibernate Tools 4.3.1 -->
<hibernate-mapping>
  <class catalog="sakila" name="com.mycompany.ad04_orm.persistencia.Language" optimistic-lock="version" table="language">
    <id name="languageId" type="java.lang.Byte">
      <column name="language_id"/>
      <generator class="identity"/>
    </id>
    <property name="name" type="string">
      <column length="20" name="name" not-null="true"/>
    </property>
    <property name="lastUpdate" type="timestamp">
      <column length="19" name="last_update" not-null="true"/>
    </property>
    <set fetch="select" inverse="true" lazy="true" name="filmsForLanguageId" table="film">
      <key>
        <column name="language_id" not-null="true"/>
      </key>
      <one-to-many class="com.mycompany.ad04_orm.persistencia.Film"/>
    </set>
    <set fetch="select" inverse="true" lazy="true" name="filmsForOriginalLanguageId" table="film">
      <key>
        <column name="original_language_id"/>
      </key>
      <one-to-many class="com.mycompany.ad04_orm.persistencia.Film"/>
    </set>
  </class>
</hibernate-mapping>
